face,method,statistic,f_statistic,df1,df2,p_value,n_resamples,n_subjects,shapiro_ability_p,shapiro_warmth_p
1,sign-flip permutation test on Hotelling T-squared,2.835535932115671,,2,,0.2834358282085896,20000,26,0.00788357879819331,1.308131286236539e-06
2,sign-flip permutation test on Hotelling T-squared,7.969577550606216,,2,,0.012049397530123494,20000,26,7.74876517571672e-06,3.8003736006382226e-05
3,sign-flip permutation test on Hotelling T-squared,4.697548734201807,,2,,0.11474426278686066,20000,26,0.8521064498814936,5.098482036155939e-05
4,sign-flip permutation test on Hotelling T-squared,2.4361906519421535,,2,,0.33963301834908255,20000,26,2.592547108559181e-06,0.007520901624952271
5,sign-flip permutation test on Hotelling T-squared,2.993398815441035,,2,,0.28948552572371383,20000,26,4.537136177852232e-06,9.121624184788246e-05
6,sign-flip permutation test on Hotelling T-squared,1.0548601251780012,,2,,0.6781160941952903,20000,26,4.610605254153992e-06,3.5707843538390497e-06
