SubNo,Name,Gender,Age,Handedness,WarmthRange,AbilityRange,F1Warmth,F1Ability,F1V,F2Warmth,F2Ability,F2V,F3Warmth,F3Ability,F3V,F4Warmth,F4Ability,F4V,F5Warmth,F5Ability,F5V,F6Warmth,F6Ability,F6V
14,wrn,Female,24,Right,345,310,48.695652173913,26.4516129032258,1,73.0434782608696,32.5806451612903,1,85.5072463768116,54.5161290322581,2,63.768115942029,88.0645161290323,2,48.695652173913,45.4838709677419,3,35.6521739130435,70.9677419354839,3
