SubNo,Name,Gender,Age,Handedness,WarmthRange,AbilityRange,F1Warmth,F1Ability,F1V,F2Warmth,F2Ability,F2V,F3Warmth,F3Ability,F3V,F4Warmth,F4Ability,F4V,F5Warmth,F5Ability,F5V,F6Warmth,F6Ability,F6V
31,ljy,Female,23,Right,440,420,50.6818181818182,21.9047619047619,1,78.6363636363636,28.8095238095238,1,87.5,68.3333333333333,2,70.9090909090909,88.3333333333333,2,19.3181818181818,55.2380952380952,3,35,77.3809523809524,3
