SubNo,Name,Gender,Age,Handedness,WarmthRange,AbilityRange,F1Warmth,F1Ability,F1V,F2Warmth,F2Ability,F2V,F3Warmth,F3Ability,F3V,F4Warmth,F4Ability,F4V,F5Warmth,F5Ability,F5V,F6Warmth,F6Ability,F6V
43,wkf,Male,20,Right,867,810,49.4809688581315,20,1,76.1245674740484,26.9135802469136,1,89.042675893887,57.9012345679012,2,62.8604382929642,92.962962962963,2,13.6101499423299,49.3827160493827,3,29.4117647058824,80.7407407407407,3
