SubNo,Name,Gender,Age,Handedness,WarmthRange,AbilityRange,F1Warmth,F1Ability,F1V,F2Warmth,F2Ability,F2V,F3Warmth,F3Ability,F3V,F4Warmth,F4Ability,F4V,F5Warmth,F5Ability,F5V,F6Warmth,F6Ability,F6V
10,lyj,Male,19,Right,840,850,48.8095238095238,24.4705882352941,1,73.2142857142857,31.7647058823529,1,83.2142857142857,59.4117647058824,2,67.7380952380952,86,2,25.7142857142857,49.2941176470588,3,33.2142857142857,71.8823529411765,3
