SubNo,Name,Gender,Age,Handedness,WarmthRange,AbilityRange,F1Warmth,F1Ability,F1V,F2Warmth,F2Ability,F2V,F3Warmth,F3Ability,F3V,F4Warmth,F4Ability,F4V,F5Warmth,F5Ability,F5V,F6Warmth,F6Ability,F6V
49,lzj,Male,19,Right,750,760,48.9333333333333,20.9210526315789,1,73.8666666666667,29.2105263157895,1,84.6666666666667,66.3157894736842,2,60.1333333333333,89.4736842105263,2,20.2666666666667,47.8947368421053,3,32.6666666666667,73.8157894736842,3
