SubNo,Name,Gender,Age,Handedness,WarmthRange,AbilityRange,F1Warmth,F1Ability,F1V,F2Warmth,F2Ability,F2V,F3Warmth,F3Ability,F3V,F4Warmth,F4Ability,F4V,F5Warmth,F5Ability,F5V,F6Warmth,F6Ability,F6V
12,zzc,Male,23,Right,582,544,52.0618556701031,27.0220588235294,1,77.8350515463918,39.5220588235294,1,86.426116838488,64.7058823529412,2,59.7938144329897,90.2573529411765,2,22.3367697594502,50.5514705882353,3,28.0068728522337,74.4485294117647,3
