SubNo,Name,Gender,Age,Handedness,WarmthRange,AbilityRange,F1Warmth,F1Ability,F1V,F2Warmth,F2Ability,F2V,F3Warmth,F3Ability,F3V,F4Warmth,F4Ability,F4V,F5Warmth,F5Ability,F5V,F6Warmth,F6Ability,F6V
37,pqh,Male,20,Right,890,780,48.876404494382,15.5128205128205,1,74.4943820224719,20.1282051282051,1,80.8988764044944,66.2820512820513,2,69.3258426966292,87.8205128205128,2,17.752808988764,53.8461538461538,3,27.3033707865169,80.5128205128205,3
