SubNo,Name,Gender,Age,Handedness,WarmthRange,AbilityRange,F1Warmth,F1Ability,F1V,F2Warmth,F2Ability,F2V,F3Warmth,F3Ability,F3V,F4Warmth,F4Ability,F4V,F5Warmth,F5Ability,F5V,F6Warmth,F6Ability,F6V
16,lhy,Male,20,Left,617,552,49.9189627228525,18.8405797101449,1,76.3371150729335,23.0072463768116,1,88.6547811993517,71.9202898550725,2,68.8816855753647,92.5724637681159,2,18.8006482982172,53.6231884057971,3,30.3079416531605,77.536231884058,3
