SubNo,Name,Gender,Age,Handedness,WarmthRange,AbilityRange,F1Warmth,F1Ability,F1V,F2Warmth,F2Ability,F2V,F3Warmth,F3Ability,F3V,F4Warmth,F4Ability,F4V,F5Warmth,F5Ability,F5V,F6Warmth,F6Ability,F6V
8,xcd,Male,19,Right,435,433,49.6551724137931,16.5127020785219,3,82.0689655172414,28.0600461893764,1,87.5862068965517,75.4041570438799,2,76.0919540229885,87.8752886836028,2,15.632183908046,49.0762124711316,3,22.0689655172414,82.5635103926097,1
