SubNo,Name,Gender,Age,Handedness,WarmthRange,AbilityRange,F1Warmth,F1Ability,F1V,F2Warmth,F2Ability,F2V,F3Warmth,F3Ability,F3V,F4Warmth,F4Ability,F4V,F5Warmth,F5Ability,F5V,F6Warmth,F6Ability,F6V
20,whc,Male,20,Right,560,544,50.5357142857143,25.1838235294118,1,79.6428571428571,30.5147058823529,1,83.3928571428572,56.8014705882353,2,57.5,86.7647058823529,2,25.8928571428571,48.5294117647059,3,30.1785714285714,78.125,3
