SubNo,Name,Gender,Age,Handedness,WarmthRange,AbilityRange,F1Warmth,F1Ability,F1V,F2Warmth,F2Ability,F2V,F3Warmth,F3Ability,F3V,F4Warmth,F4Ability,F4V,F5Warmth,F5Ability,F5V,F6Warmth,F6Ability,F6V
6,yhc,Female,18,Right,290,280,48.6206896551724,34.4642857142857,1,70,21.9642857142857,1,83.448275862069,63.3928571428571,2,60.3448275862069,86.6071428571429,2,20.6896551724138,49.8214285714286,3,30.3448275862069,78.3928571428571,3
