SubNo,Name,Gender,Age,Handedness,WarmthRange,AbilityRange,F1Warmth,F1Ability,F1V,F2Warmth,F2Ability,F2V,F3Warmth,F3Ability,F3V,F4Warmth,F4Ability,F4V,F5Warmth,F5Ability,F5V,F6Warmth,F6Ability,F6V
2,lhy,Male,18,Right,490,230,47.3469387755102,29.1304347826087,1,73.8775510204082,36.5217391304348,1,87.5510204081633,70.4347826086957,2,62.8571428571429,89.1304347826087,2,23.469387755102,56.9565217391304,3,30.6122448979592,79.5652173913043,3
