SubNo,Name,Gender,Age,Handedness,WarmthRange,AbilityRange,F1Warmth,F1Ability,F1V,F2Warmth,F2Ability,F2V,F3Warmth,F3Ability,F3V,F4Warmth,F4Ability,F4V,F5Warmth,F5Ability,F5V,F6Warmth,F6Ability,F6V
29,lzb,Female,22,Right,580,550,49.8275862068965,31.6363636363636,1,76.3793103448276,36.7272727272727,1,86.0344827586207,71.4545454545455,2,67.9310344827586,92.9090909090909,2,18.7931034482759,51.0909090909091,3,36.551724137931,76.5454545454545,3
