SubNo,Name,Gender,Age,Handedness,WarmthRange,AbilityRange,F1Warmth,F1Ability,F1V,F2Warmth,F2Ability,F2V,F3Warmth,F3Ability,F3V,F4Warmth,F4Ability,F4V,F5Warmth,F5Ability,F5V,F6Warmth,F6Ability,F6V
35,wzh,Male,23,Right,600,560,48.1666666666667,26.0714285714286,1,81,25.7142857142857,1,82,63.75,2,66.1666666666667,87.8571428571429,2,25.8333333333333,48.3928571428571,3,33.3333333333333,88.75,3
