SubNo,Name,Gender,Age,Handedness,WarmthRange,AbilityRange,F1Warmth,F1Ability,F1V,F2Warmth,F2Ability,F2V,F3Warmth,F3Ability,F3V,F4Warmth,F4Ability,F4V,F5Warmth,F5Ability,F5V,F6Warmth,F6Ability,F6V
18,wbx,Male,18,Right,448,430,47.0982142857143,21.3953488372093,1,75.6696428571429,25.3488372093023,1,85.7142857142857,66.7441860465116,2,61.6071428571429,89.5348837209302,2,16.0714285714286,53.7209302325581,3,20.3125,78.8372093023256,3
