SubNo,Name,Gender,Age,Handedness,WarmthRange,AbilityRange,F1Warmth,F1Ability,F1V,F2Warmth,F2Ability,F2V,F3Warmth,F3Ability,F3V,F4Warmth,F4Ability,F4V,F5Warmth,F5Ability,F5V,F6Warmth,F6Ability,F6V
45,yxy,Female,19,Right,920,890,52.0652173913044,25.0561797752809,1,75.4347826086957,33.3707865168539,1,89.4565217391304,71.3483146067416,2,66.0869565217391,88.7640449438202,2,17.2826086956522,49.6629213483146,3,30.7608695652174,80,3
